-- phpMyAdmin SQL Dump
-- version 4.4.14
-- http://www.phpmyadmin.net
--
-- Servidor: 127.0.0.1
-- Tiempo de generación: 11-09-2015 a las 13:11:52
-- Versión del servidor: 5.6.26
-- Versión de PHP: 5.6.12

SET SQL_MODE = "NO_AUTO_VALUE_ON_ZERO";
SET time_zone = "+00:00";


/*!40101 SET @OLD_CHARACTER_SET_CLIENT=@@CHARACTER_SET_CLIENT */;
/*!40101 SET @OLD_CHARACTER_SET_RESULTS=@@CHARACTER_SET_RESULTS */;
/*!40101 SET @OLD_COLLATION_CONNECTION=@@COLLATION_CONNECTION */;
/*!40101 SET NAMES utf8mb4 */;

--
-- Base de datos: `gestion_productos`
--

--
-- Volcado de datos para la tabla `categories`
--

INSERT INTO `categories` (`id`, `name`, `created_at`, `updated_at`) VALUES
(1, 'LavenderBlush', '2015-09-11 05:25:35', '2015-09-11 05:25:35'),
(2, 'Turquoise', '2015-09-11 05:25:35', '2015-09-11 05:25:35'),
(3, 'Chartreuse', '2015-09-11 05:25:35', '2015-09-11 05:25:35'),
(4, 'Azure', '2015-09-11 05:25:35', '2015-09-11 05:25:35'),
(5, 'GhostWhite', '2015-09-11 05:25:35', '2015-09-11 05:25:35');

--
-- Volcado de datos para la tabla `colors`
--

INSERT INTO `colors` (`id`, `name`, `created_at`, `updated_at`) VALUES
(1, 'aqua', '2015-09-11 05:25:35', '2015-09-11 05:25:35'),
(2, 'silver', '2015-09-11 05:25:35', '2015-09-11 05:25:35'),
(3, 'lime', '2015-09-11 05:25:35', '2015-09-11 05:25:35'),
(4, 'yellow', '2015-09-11 05:25:35', '2015-09-11 05:25:35'),
(5, 'purple', '2015-09-11 05:25:35', '2015-09-11 05:25:35'),
(6, 'fuchsia', '2015-09-11 05:25:35', '2015-09-11 05:25:35'),
(7, 'green', '2015-09-11 05:25:35', '2015-09-11 05:25:35'),
(8, 'teal', '2015-09-11 05:25:35', '2015-09-11 05:25:35'),
(9, 'black', '2015-09-11 05:25:35', '2015-09-11 05:25:35'),
(10, 'white', '2015-09-11 05:25:35', '2015-09-11 05:25:35');

--
-- Volcado de datos para la tabla `languages`
--

INSERT INTO `languages` (`id`, `name`, `created_at`, `updated_at`) VALUES
(1, 'Francés', '2015-09-11 05:25:37', '2015-09-11 05:25:53'),
(2, 'Alemán', '2015-09-11 05:25:37', '2015-09-11 05:26:00'),
(3, 'Inglés', '2015-09-11 05:25:37', '2015-09-11 05:26:08');

--
-- Volcado de datos para la tabla `migrations`
--

INSERT INTO `migrations` (`migration`, `batch`) VALUES
('2014_10_12_000000_create_users_table', 1),
('2015_09_10_071223_create_category_table', 1),
('2015_09_10_071520_create_products_table', 1),
('2015_09_10_073441_create_colors_table', 1),
('2015_09_10_073632_create_product_colors_table', 1),
('2015_09_10_074918_create_languages_table', 1),
('2015_09_10_075112_create_languages_products_table', 1),
('2015_09_10_075133_create_languages_categories_table', 1),
('2015_09_10_075155_create_languages_colors_table', 1);

--
-- Volcado de datos para la tabla `products`
--

INSERT INTO `products` (`id`, `name`, `description`, `price`, `id_category`, `created_at`, `updated_at`) VALUES
(1, 'West-Cartwright', 'THAT. Then again--"BEFORE SHE HAD THIS FIT--" you never tasted an egg!'' ''I HAVE tasted eggs, certainly,'' said Alice, looking down with one finger; and the Gryphon went on, ''What''s your name, child?''.', 254.18, 2, '2015-09-11 05:25:35', '2015-09-11 05:25:35'),
(2, 'Weber Group', 'Mock Turtle repeated thoughtfully. ''I should think very likely to eat or drink something or other; but the Dodo solemnly, rising to its children, ''Come away, my dears! It''s high time you were down.', 868.483446, 3, '2015-09-11 05:25:35', '2015-09-11 05:25:35'),
(3, 'Effertz-D''Amore', 'PRECIOUS nose''; as an explanation. ''Oh, you''re sure to happen,'' she said to the door, staring stupidly up into the court, by the Queen put on her spectacles, and began by producing from under his.', 329.864, 3, '2015-09-11 05:25:35', '2015-09-11 05:25:35'),
(4, 'Kunde and Sons', 'Soup! ''Beautiful Soup! Who cares for you?'' said the Queen. ''Well, I shan''t go, at any rate: go and get in at the Lizard in head downwards, and the sound of a candle is blown out, for she had gone.', 855.4261531, 4, '2015-09-11 05:25:35', '2015-09-11 05:25:35'),
(5, 'Dooley, Huel and Thiel', 'ITS WAISTCOAT-POCKET, and looked at each other for some time in silence: at last it unfolded its arms, took the cauldron of soup off the top of it. She went on just as well wait, as she was not here.', 634.714774152, 5, '2015-09-11 05:25:36', '2015-09-11 05:25:36'),
(6, 'Zulauf, Mueller and Wiegand', 'As she said to Alice, she went in without knocking, and hurried off to the Knave. The Knave shook his grey locks, ''I kept all my life!'' She had just begun to repeat it, but her head was so small as.', 192.4611, 2, '2015-09-11 05:25:36', '2015-09-11 05:25:36'),
(7, 'Wilderman, Crona and Nicolas', 'Gryphon. ''I mean, what makes them so often, of course had to kneel down on her face in some alarm. This time there were ten of them, and then I''ll tell you his history,'' As they walked off together..', 85, 5, '2015-09-11 05:25:36', '2015-09-11 05:25:36'),
(8, 'Ryan, Olson and Douglas', 'This was such a neck as that! No, no! You''re a serpent; and there''s no harm in trying.'' So she set to partners--'' ''--change lobsters, and retire in same order,'' continued the King. ''I can''t go no.', 70, 5, '2015-09-11 05:25:36', '2015-09-11 05:25:36'),
(9, 'McDermott-McKenzie', 'Lizard as she could do, lying down on their backs was the BEST butter,'' the March Hare will be When they take us up and down in a very curious thing, and she went on in a great deal too far off to.', 69.661989841, 2, '2015-09-11 05:25:36', '2015-09-11 05:25:36'),
(10, 'Ondricka, Legros and Von', 'Canary called out in a confused way, ''Prizes! Prizes!'' Alice had never left off quarrelling with the clock. For instance, if you like,'' said the Gryphon: and it was all ridges and furrows; the balls.', 821, 5, '2015-09-11 05:25:36', '2015-09-11 05:25:36'),
(11, 'Hermann-Yost', 'King, the Queen, who was peeping anxiously into its face to see its meaning. ''And just as she went hunting about, and shouting ''Off with his head!'' or ''Off with his head!'' or ''Off with his head!'' or.', 664, 5, '2015-09-11 05:25:36', '2015-09-11 05:25:36'),
(12, 'Zemlak Group', 'Caterpillar took the hookah out of the Mock Turtle, ''Drive on, old fellow! Don''t be all day to day.'' This was not easy to take out of the bottle was NOT marked ''poison,'' it is almost certain to.', 49.21, 2, '2015-09-11 05:25:36', '2015-09-11 05:25:36'),
(13, 'Jones-Langosh', 'Alice replied very gravely. ''What else had you to set about it; if I''m Mabel, I''ll stay down here till I''m somebody else"--but, oh dear!'' cried Alice hastily, afraid that it might tell her something.', 69.63, 2, '2015-09-11 05:25:36', '2015-09-11 05:25:36'),
(14, 'Mitchell LLC', 'Hatter went on, turning to the jury. ''Not yet, not yet!'' the Rabbit coming to look for her, and the baby violently up and throw us, with the end of his Normans--" How are you getting on now, my.', 278.52131672, 1, '2015-09-11 05:25:36', '2015-09-11 05:25:36'),
(15, 'Erdman, Hermann and Cartwright', 'YOU are, first.'' ''Why?'' said the Gryphon: and Alice was just going to begin lessons: you''d only have to beat them off, and that you couldn''t cut off a bit of stick, and tumbled head over heels in.', 42.825759, 3, '2015-09-11 05:25:36', '2015-09-11 05:25:36'),
(16, 'Konopelski-Hyatt', 'I know. Silence all round, if you like!'' the Duchess asked, with another hedgehog, which seemed to be a footman in livery came running out of his shrill little voice, the name of nearly everything.', 62.0527, 1, '2015-09-11 05:25:36', '2015-09-11 05:25:36'),
(17, 'McKenzie PLC', 'Alice, a good deal: this fireplace is narrow, to be no doubt that it was over at last, and they sat down, and nobody spoke for some time with great emphasis, looking hard at Alice for protection..', 453.030228826, 3, '2015-09-11 05:25:36', '2015-09-11 05:25:36'),
(18, 'Koepp, Ferry and Schultz', 'I had not gone (We know it was looking about for them, and it''ll sit up and walking away. ''You insult me by talking such nonsense!'' ''I didn''t know that you''re mad?'' ''To begin with,'' said the King.', 33.6, 4, '2015-09-11 05:25:36', '2015-09-11 05:25:36'),
(19, 'Boyer Inc', 'They had not attended to this last remark that had made her so savage when they met in the long hall, and wander about among those beds of bright flowers and those cool fountains, but she could.', 127.27339, 4, '2015-09-11 05:25:36', '2015-09-11 05:25:36'),
(20, 'Mann, Paucek and Rosenbaum', 'Alice; ''I can''t help it,'' she thought, ''till its ears have come, or at any rate,'' said Alice: ''besides, that''s not a mile high,'' said Alice. ''You did,'' said the Hatter: ''it''s very interesting. I.', 491.8616, 3, '2015-09-11 05:25:36', '2015-09-11 05:25:36'),
(21, 'Stanton Ltd', 'Duchess; ''and the moral of that is--"Birds of a globe of goldfish she had never had fits, my dear, YOU must cross-examine the next question is, what did the archbishop find?'' The Mouse did not.', 387.3, 1, '2015-09-11 05:25:36', '2015-09-11 05:25:36'),
(22, 'Adams-Anderson', 'Indeed, she had caught the baby violently up and walking away. ''You insult me by talking such nonsense!'' ''I didn''t write it, and on it (as she had got its head impatiently, and said, ''That''s right,.', 924.23953532, 3, '2015-09-11 05:25:36', '2015-09-11 05:25:36'),
(23, 'Pfannerstill PLC', 'There''s no pleasing them!'' Alice was soon submitted to by all three dates on their backs was the Hatter. ''He won''t stand beating. Now, if you don''t know much,'' said Alice; ''it''s laid for a long time.', 379.57, 3, '2015-09-11 05:25:36', '2015-09-11 05:25:36'),
(24, 'Buckridge-Rath', 'English); ''now I''m opening out like the look of it appeared. ''I don''t know of any good reason, and as the Lory positively refused to tell them something more. ''You promised to tell its age, there.', 568.1119159, 5, '2015-09-11 05:25:36', '2015-09-11 05:25:36'),
(25, 'Rohan, Cruickshank and Bahringer', 'Nile On every golden scale! ''How cheerfully he seems to like her, down here, that I should be free of them even when they arrived, with a sudden burst of tears, ''I do wish I could show you our cat.', 194, 2, '2015-09-11 05:25:36', '2015-09-11 05:25:36'),
(26, 'Wintheiser, Kemmer and D''Amore', 'King. The next thing is, to get dry very soon. ''Ahem!'' said the King; ''and don''t look at me like that!'' He got behind him, and very soon had to pinch it to half-past one as long as I tell you!'' But.', 480.82554176, 4, '2015-09-11 05:25:36', '2015-09-11 05:25:36'),
(27, 'Green Ltd', 'The master was an immense length of neck, which seemed to follow, except a tiny golden key, and unlocking the door opened inwards, and Alice''s first thought was that she began again. ''I should like.', 483.76738, 1, '2015-09-11 05:25:36', '2015-09-11 05:25:36'),
(28, 'Hettinger Inc', 'King very decidedly, and he hurried off. Alice thought to herself. (Alice had been would have done that?'' she thought. ''I must be getting somewhere near the door, staring stupidly up into the.', 269.8223, 5, '2015-09-11 05:25:36', '2015-09-11 05:25:36'),
(29, 'Adams Ltd', 'Caterpillar, just as well be at school at once.'' And in she went. Once more she found to be an old conger-eel, that used to come upon them THIS size: why, I should say what you had been broken to.', 245.86759, 2, '2015-09-11 05:25:36', '2015-09-11 05:25:36'),
(30, 'Abbott, Schmitt and Williamson', 'Alice. ''And be quick about it,'' said Alice aloud, addressing nobody in particular. ''She''d soon fetch it back!'' ''And who are THESE?'' said the Footman, and began picking them up again with a round.', 262, 2, '2015-09-11 05:25:36', '2015-09-11 05:25:36'),
(31, 'Christiansen LLC', 'King said to Alice, flinging the baby was howling so much surprised, that for two reasons. First, because I''m on the stairs. Alice knew it was empty: she did not quite like the Mock Turtle. ''Seals,.', 121.33, 3, '2015-09-11 05:25:36', '2015-09-11 05:25:36'),
(32, 'Lebsack-Quigley', 'Hatter and the sound of a large flower-pot that stood near the door, and tried to open them again, and Alice looked up, but it was the White Rabbit, with a kind of rule, ''and vinegar that makes you.', 652.045524983, 3, '2015-09-11 05:25:36', '2015-09-11 05:25:36'),
(33, 'Crona, Reichert and Pacocha', 'And she thought of herself, ''I wonder if I must, I must,'' the King very decidedly, and there was not quite sure whether it was as much use in waiting by the hand, it hurried off, without waiting for.', 557.94, 5, '2015-09-11 05:25:36', '2015-09-11 05:25:36'),
(34, 'Heidenreich-Schneider', 'Alice began to get in?'' asked Alice again, for really I''m quite tired of swimming about here, O Mouse!'' (Alice thought this a very deep well. Either the well was very hot, she kept fanning herself.', 201.847478, 5, '2015-09-11 05:25:36', '2015-09-11 05:25:36'),
(35, 'Zemlak-Rogahn', 'The Cat only grinned a little while, however, she went round the hall, but they were all turning into little cakes as they were nice grand words to say.) Presently she began fancying the sort of way.', 216.5910612, 1, '2015-09-11 05:25:36', '2015-09-11 05:25:36'),
(36, 'Predovic, Gerhold and Medhurst', 'Canary called out as loud as she did not dare to disobey, though she looked down, was an old crab, HE was.'' ''I never said I could show you our cat Dinah: I think I may as well as she went down on.', 876, 2, '2015-09-11 05:25:36', '2015-09-11 05:25:36'),
(37, 'Mante Inc', 'WILL do next! If they had settled down again very sadly and quietly, and looked at Alice, and sighing. ''It IS the use of a muchness?'' ''Really, now you ask me,'' said Alice, feeling very curious to.', 867, 4, '2015-09-11 05:25:36', '2015-09-11 05:25:36'),
(38, 'Streich-Stehr', 'Alice heard the Rabbit came up to the fifth bend, I think?'' he said in a low, hurried tone. He looked at the righthand bit again, and the jury had a bone in his throat,'' said the Gryphon: ''I went to.', 423.21, 1, '2015-09-11 05:25:36', '2015-09-11 05:25:36'),
(39, 'Davis and Sons', 'Alice was not easy to take the hint; but the Rabbit noticed Alice, as she left her, leaning her head to feel a little more conversation with her face in some book, but I shall see it again, but it.', 741.76121072, 4, '2015-09-11 05:25:36', '2015-09-11 05:25:36'),
(40, 'Halvorson-Gusikowski', 'Alice. ''That''s very important,'' the King say in a trembling voice to its feet, ''I move that the way the people that walk with their fur clinging close to her in an encouraging opening for a good.', 931.76123357, 2, '2015-09-11 05:25:36', '2015-09-11 05:25:36'),
(41, 'Corkery LLC', 'I was thinking I should say "With what porpoise?"'' ''Don''t you mean by that?'' said the King, the Queen, who were all locked; and when she was quite surprised to see it again, but it was all finished,.', 850.11507, 2, '2015-09-11 05:25:36', '2015-09-11 05:25:36'),
(42, 'Homenick-Mills', 'While she was terribly frightened all the time she heard the Queen''s hedgehog just now, only it ran away when it saw mine coming!'' ''How do you know about this business?'' the King added in a low,.', 731.25, 1, '2015-09-11 05:25:36', '2015-09-11 05:25:36'),
(43, 'Leannon-Howell', 'However, ''jury-men'' would have made a dreadfully ugly child: but it was just in time to wash the things I used to know. Let me think: was I the same year for such dainties would not open any of.', 890, 3, '2015-09-11 05:25:36', '2015-09-11 05:25:36'),
(44, 'Jones-Nicolas', 'For anything tougher than suet; Yet you turned a corner, ''Oh my ears and whiskers, how late it''s getting!'' She was a different person then.'' ''Explain all that,'' he said to herself, for this time the.', 634, 1, '2015-09-11 05:25:36', '2015-09-11 05:25:36'),
(45, 'Bashirian LLC', 'Rabbit began. Alice gave a sudden burst of tears, ''I do wish I hadn''t cried so much!'' Alas! it was addressed to the heads of the others all joined in chorus, ''Yes, please do!'' pleaded Alice. ''And.', 73.7939, 3, '2015-09-11 05:25:36', '2015-09-11 05:25:36'),
(46, 'Oberbrunner and Sons', 'Rabbit asked. ''No, I didn''t,'' said Alice: ''three inches is such a fall as this, I shall only look up and down in a low, weak voice. ''Now, I give it up,'' Alice replied: ''what''s the answer?'' ''I.', 86, 2, '2015-09-11 05:25:36', '2015-09-11 05:25:36'),
(47, 'Zulauf, Denesik and Hartmann', 'Geography. London is the same thing a bit!'' said the Mock Turtle sang this, very slowly and sadly:-- ''"Will you walk a little feeble, squeaking voice, (''That''s Bill,'' thought Alice,) ''Well, I shan''t.', 727.65003, 5, '2015-09-11 05:25:36', '2015-09-11 05:25:36'),
(48, 'McCullough PLC', 'Mind now!'' The poor little Lizard, Bill, was in livery: otherwise, judging by his garden, and marked, with one eye, How the Owl had the dish as its share of the table. ''Have some wine,'' the March.', 746.954950386, 3, '2015-09-11 05:25:36', '2015-09-11 05:25:36'),
(49, 'Cassin, Gerhold and Bechtelar', 'She felt that this could not stand, and she had never left off writing on his spectacles. ''Where shall I begin, please your Majesty,'' he began, ''for bringing these in: but I think I may as well go.', 38.550346, 3, '2015-09-11 05:25:36', '2015-09-11 05:25:36'),
(50, 'Hermann-Legros', 'Why, she''ll eat a bat?'' when suddenly, thump! thump! down she came upon a Gryphon, lying fast asleep in the air, mixed up with the clock. For instance, suppose it were white, but there was hardly.', 698.6068, 1, '2015-09-11 05:25:37', '2015-09-11 05:25:37');

--
-- Volcado de datos para la tabla `products_colors`
--

INSERT INTO `products_colors` (`id`, `id_product`, `id_color`, `created_at`, `updated_at`) VALUES
(1, 22, 8, '2015-09-11 05:25:37', '2015-09-11 05:25:37'),
(2, 10, 5, '2015-09-11 05:25:37', '2015-09-11 05:25:37'),
(3, 33, 9, '2015-09-11 05:25:37', '2015-09-11 05:25:37'),
(4, 1, 4, '2015-09-11 05:25:37', '2015-09-11 05:25:37'),
(5, 2, 2, '2015-09-11 05:25:37', '2015-09-11 05:25:37'),
(6, 33, 6, '2015-09-11 05:25:37', '2015-09-11 05:25:37'),
(7, 31, 4, '2015-09-11 05:25:37', '2015-09-11 05:25:37'),
(8, 40, 6, '2015-09-11 05:25:37', '2015-09-11 05:25:37'),
(9, 32, 1, '2015-09-11 05:25:37', '2015-09-11 05:25:37'),
(10, 48, 7, '2015-09-11 05:25:37', '2015-09-11 05:25:37'),
(11, 12, 2, '2015-09-11 05:25:37', '2015-09-11 05:25:37'),
(12, 8, 3, '2015-09-11 05:25:37', '2015-09-11 05:25:37'),
(13, 38, 7, '2015-09-11 05:25:37', '2015-09-11 05:25:37'),
(14, 20, 7, '2015-09-11 05:25:37', '2015-09-11 05:25:37'),
(15, 47, 3, '2015-09-11 05:25:37', '2015-09-11 05:25:37'),
(16, 42, 1, '2015-09-11 05:25:37', '2015-09-11 05:25:37'),
(17, 14, 1, '2015-09-11 05:25:37', '2015-09-11 05:25:37'),
(18, 23, 6, '2015-09-11 05:25:37', '2015-09-11 05:25:37'),
(19, 25, 6, '2015-09-11 05:25:37', '2015-09-11 05:25:37'),
(20, 46, 9, '2015-09-11 05:25:37', '2015-09-11 05:25:37'),
(21, 19, 2, '2015-09-11 05:25:37', '2015-09-11 05:25:37'),
(22, 17, 7, '2015-09-11 05:25:37', '2015-09-11 05:25:37'),
(23, 6, 8, '2015-09-11 05:25:37', '2015-09-11 05:25:37'),
(24, 42, 8, '2015-09-11 05:25:37', '2015-09-11 05:25:37'),
(25, 32, 10, '2015-09-11 05:25:37', '2015-09-11 05:25:37'),
(26, 1, 5, '2015-09-11 05:25:37', '2015-09-11 05:25:37'),
(28, 30, 1, '2015-09-11 05:26:26', '2015-09-11 05:26:26'),
(29, 30, 3, '2015-09-11 05:26:26', '2015-09-11 05:26:26'),
(30, 39, 9, '2015-09-11 05:26:39', '2015-09-11 05:26:39'),
(31, 39, 5, '2015-09-11 05:26:39', '2015-09-11 05:26:39'),
(32, 3, 3, '2015-09-11 05:26:50', '2015-09-11 05:26:50'),
(33, 3, 4, '2015-09-11 05:26:50', '2015-09-11 05:26:50');

--
-- Volcado de datos para la tabla `users`
--

INSERT INTO `users` (`id`, `name`, `email`, `password`, `remember_token`, `created_at`, `updated_at`) VALUES
(1, 'admin', 'admin@admin.com', '$2y$10$INiRk34lh5NqSdn1.fmM1uJ9JDlCG14whfKYsih96rMe/VY6FasiC', '54W4Jbhq22', '2015-09-11 05:25:29', '2015-09-11 05:25:29'),
(2, 'Trent Homenick', 'Zena55@hotmail.com', '$2y$10$Y5B95j7L541lXTPkZxH7UOkoAcn5O.dGgKQA11/YnhKLSDWB7kOhq', 'JyivExQh8M', '2015-09-11 05:25:33', '2015-09-11 05:25:33'),
(3, 'Kiley O''Reilly', 'Jackeline.Barrows@hotmail.com', '$2y$10$VwXfAojFJYAKFAFHewE7ou7HxSRUQ6x6qv6vhAd0ny2ltVJfaEFsa', 'U7ge5CSgi9', '2015-09-11 05:25:33', '2015-09-11 05:25:33'),
(4, 'Elwyn Ryan', 'Randy27@hotmail.com', '$2y$10$H86WIhYZwWJhg6vIDZzLcuDuNDa19eXrypnYmI1cAk/KNnQ4BnC/K', '4qCXJ1FPzO', '2015-09-11 05:25:33', '2015-09-11 05:25:33'),
(5, 'Ardith Cruickshank', 'uRatke@Stehr.com', '$2y$10$msm5GlZUYOxqcWAPldRf9.TXvYtafaHqjBdn8JeyLoFsV.42lWeWW', 'TtD72ZpvTG', '2015-09-11 05:25:33', '2015-09-11 05:25:33'),
(6, 'Dr. Milton Torphy', 'Emily.Kassulke@Cormier.org', '$2y$10$wMfJjyK70My3WOpfCAYOU.WEAu6IOUK3GOf4CUxpCRmPC9wymki.C', 'n3pMSv94nR', '2015-09-11 05:25:33', '2015-09-11 05:25:33'),
(7, 'Chadrick Terry', 'eLind@Veum.com', '$2y$10$jwDsEJSlLCcPTRThbcrTWOplLF2X1whSm/KcHS3Z91Fd7Qzk8Xpj6', '0YmtXjzqtd', '2015-09-11 05:25:33', '2015-09-11 05:25:33'),
(8, 'Camren Hoppe', 'Margie.Trantow@yahoo.com', '$2y$10$ec7cd7/egpwGAObYmtIAgelhluMCiIY1uOiPLrST22hOlHrBUojUa', 'JriyCRYKFD', '2015-09-11 05:25:33', '2015-09-11 05:25:33'),
(9, 'Caitlyn Goldner', 'qPacocha@hotmail.com', '$2y$10$veeZS4I9kTUITDJ0Whm0YOYLuqfZP9M6nz/1oCbGBNwTu/qnKlvRm', 'aKfezVOBS7', '2015-09-11 05:25:33', '2015-09-11 05:25:33'),
(10, 'Mr. Geovanny Toy', 'Allan28@Witting.org', '$2y$10$qsIw2s73UE/Bg9dviBxL2OgVjRSGQg4lcxyKbnW1P8gcBIgRFaEIe', 'FgTXt4qfAB', '2015-09-11 05:25:33', '2015-09-11 05:25:33'),
(11, 'Ms. Charlene Hoeger', 'Erick.Weissnat@Osinski.com', '$2y$10$l0SjApnEH95cfhO3ReZjAOJ./ecov/rXY23k89/klQpM6k.l.0sZu', '3ibhIsSSvJ', '2015-09-11 05:25:33', '2015-09-11 05:25:33'),
(12, 'Kyla Dickinson', 'Bradtke.Edwina@Carroll.com', '$2y$10$YrMymNGDOUALUl2FAjQgceOA.2V4gHhuuilEiQGvIj9MT2wvnEM02', '5cdJFundJl', '2015-09-11 05:25:33', '2015-09-11 05:25:33'),
(13, 'Prof. Ethyl Klein DVM', 'Elisa99@Franecki.com', '$2y$10$77GEUsxIXs9XRR1g77O6w./VUmMPkdJbNiAiapDoYZtemda8Vw0Rm', 'nHfHJxq3ju', '2015-09-11 05:25:33', '2015-09-11 05:25:33'),
(14, 'Dr. Ellis Moen', 'Huel.Soledad@hotmail.com', '$2y$10$fFWRXHgwjuq2tzuS3zWkeOIMAjwqS3xOl3JplCOCOWgxoxRC8in3m', 'vO8KZpR2GO', '2015-09-11 05:25:33', '2015-09-11 05:25:33'),
(15, 'Sedrick Cole', 'Wehner.Keegan@yahoo.com', '$2y$10$h5SnPfCtrqVzkcO2/7QHyO6uVGvub0oir4.FVywiUWkYKzNHMlq52', 'NOKuRQ9i6c', '2015-09-11 05:25:34', '2015-09-11 05:25:34'),
(16, 'Eleanora Renner DVM', 'Margot.Rowe@Schaden.biz', '$2y$10$8HJOssAsyAOlD4aE5ZHeBOL11rVoM/5ETiBDF5F/dLhaVL9euXpu.', '2egGUiiC9Q', '2015-09-11 05:25:34', '2015-09-11 05:25:34'),
(17, 'Althea Strosin', 'Isaac11@Larkin.net', '$2y$10$w9Ew/x2ciW.lffOigW1cSeXSpXhraFnytVoRN7XoMNSZI1XEM2qYm', 'Ll6EOvJnk5', '2015-09-11 05:25:34', '2015-09-11 05:25:34'),
(18, 'Micaela Ebert Jr.', 'vBoyer@yahoo.com', '$2y$10$J9PaOlIHfNKt0r3Bk0UBg.20mkStqx2ps6WIoqQi6bBVjKQq.VLqq', '1EDgorR4cb', '2015-09-11 05:25:34', '2015-09-11 05:25:34'),
(19, 'Mrs. Ayla Howell III', 'Veda04@Haag.com', '$2y$10$hN6n3qf0U0qsu2QvqOW/m.1UurJEmyLYQXE0qAZi19JRAIUWyL9eS', '6Fv5JGCcgO', '2015-09-11 05:25:34', '2015-09-11 05:25:34'),
(20, 'Kassandra Parker', 'Greenholt.Peggie@hotmail.com', '$2y$10$D2Pos8JKdLD/0YAnuWzUFu2gS0y7TzLdGWI4Opm0ZkX2mQuPw9SFW', 'mtK5ffCrPb', '2015-09-11 05:25:34', '2015-09-11 05:25:34'),
(21, 'Sallie Feest', 'Shields.Hiram@Weber.net', '$2y$10$8YZiaacfL2R9StAck9ZVOOQ6rCoVScsifHUvDkTwmLM4rqMR4qk.2', '64vhZAUygs', '2015-09-11 05:25:34', '2015-09-11 05:25:34'),
(22, 'Lavina Monahan', 'vSimonis@yahoo.com', '$2y$10$tjkbyv95aMfmY3kTXmL/2OrMKpKW0QQ6OvqRcNW4A1ePgqFFInoZu', '8FxI8WMSev', '2015-09-11 05:25:34', '2015-09-11 05:25:34'),
(23, 'Morgan Gleichner', 'kPrice@hotmail.com', '$2y$10$.pEYTwWE2fX2ig1zBM/ywuYLtjzcK6CnZHxCYsFjjBdlW0utwo5mu', 'TY9jE4f3Yp', '2015-09-11 05:25:34', '2015-09-11 05:25:34'),
(24, 'Prof. Macie Ruecker', 'Raphael.Rowe@yahoo.com', '$2y$10$CpEBJtK2yFOD4XZ8lDqO3.3eGk6Wu2DRBhZ303.BAnnI.TtMNeZzO', 'KHpoRvweSB', '2015-09-11 05:25:34', '2015-09-11 05:25:34'),
(25, 'Mr. Jedidiah Muller Jr.', 'Dangelo.Walter@Beatty.info', '$2y$10$STwrcfAWpfW5LLMWpq933uAMO86oJAL46jlmQsxEJ3RhVywBytire', 'lgpCEbuzOY', '2015-09-11 05:25:34', '2015-09-11 05:25:34'),
(26, 'Dr. Patsy Abernathy DDS', 'Eulah17@Kemmer.info', '$2y$10$znE./XxrprkJBKyBq0s5NeeiS0c7hCsMvioaj3NUMHpvJ6gWrEgyu', 'YTcA8wXjuA', '2015-09-11 05:25:34', '2015-09-11 05:25:34'),
(27, 'Joy Maggio Sr.', 'kKshlerin@OConnell.com', '$2y$10$dt2X8McO2JyseRbGt60Ae.r4hJY2zsewHG.7eOg6iHGjb/bDouTGK', 'NdG0a2bvkh', '2015-09-11 05:25:34', '2015-09-11 05:25:34'),
(28, 'Hulda Abshire', 'Verla97@yahoo.com', '$2y$10$f0aXzBrXeGjfbWpRbjRy9O4ItkWLUshVefcQSYMxIx.n27WEQXNt.', 'qndsFNGhg7', '2015-09-11 05:25:34', '2015-09-11 05:25:34'),
(29, 'Marcella Okuneva V', 'bVeum@gmail.com', '$2y$10$c.3/SK1vmoniDBojpplV5OrTqdBEwcoa8b07zT7r7lDc1FnWLvN76', 'CGnzNyrSYF', '2015-09-11 05:25:34', '2015-09-11 05:25:34'),
(30, 'Linnie Wolff', 'Javon.Franecki@gmail.com', '$2y$10$ddy5F5XnnEPztM4WatHzE.2MTsZZudMyBMahXbYVJskb1KrqIcaNm', '2IRAzL3zDJ', '2015-09-11 05:25:34', '2015-09-11 05:25:34'),
(31, 'Sean Stehr', 'Manley.Buckridge@yahoo.com', '$2y$10$c7Vpx7OwA9TlojHhv14H0ePU72GdpfaWTu5YdXexuWpNRjT5/J7NS', 'YMKJtqv80C', '2015-09-11 05:25:34', '2015-09-11 05:25:34'),
(32, 'Candida Hauck', 'Eliane29@Cruickshank.net', '$2y$10$RdCPpK1m4oF5m27jwuVC.u4ti9/r9Gz3kGj9QMJuI3WYQkZ7VSHx.', 'C3sVC5F9QA', '2015-09-11 05:25:34', '2015-09-11 05:25:34'),
(33, 'Lavinia Wiegand', 'Myra.Brekke@Stehr.info', '$2y$10$rEa3OLzugU80CjY.k76SA.x8SFqFy/Zi2HJ6vl7O05ZYp2OGAqq2.', 'tsB4JbyiZE', '2015-09-11 05:25:34', '2015-09-11 05:25:34'),
(34, 'Sadye Borer', 'Sierra49@yahoo.com', '$2y$10$ZICIQFt2rZhi7pTgAPTjpuWvaDmrikYwAV5QfDOztu5cam94QXMJW', 'lI34KZXCIF', '2015-09-11 05:25:34', '2015-09-11 05:25:34'),
(35, 'Maryam Considine', 'Braxton.Torphy@hotmail.com', '$2y$10$/V.Jw.MO6T7kIC9xbFQVc.oX6KSJUEPEkXabHOyLNu7H33Gosn32S', 'XNOK8NhOt8', '2015-09-11 05:25:34', '2015-09-11 05:25:34'),
(36, 'Phyllis Jenkins', 'Ruecker.Charlotte@hotmail.com', '$2y$10$C8r0zL2MIqNaXAXRxyYHsOHUXF7bJXfJWMhXKhYQApnetE9aCZrJ6', '3IBFt18nsx', '2015-09-11 05:25:34', '2015-09-11 05:25:34'),
(37, 'Reymundo Torphy IV', 'jReinger@yahoo.com', '$2y$10$hXJ/J63IpgPYOHGCFlZ56uOJGrXwiUes9h.HJSgiu7uoGDClGAmsq', 'yrlGye5DG9', '2015-09-11 05:25:34', '2015-09-11 05:25:34'),
(38, 'Mrs. Lyda Block DDS', 'Danyka64@Mayer.com', '$2y$10$eoLoAVpHxPpH5i67lpz3lOHbt9YV.UT073ucKVOleRY0Jz3M6qnAm', 'dKASVb2xHU', '2015-09-11 05:25:34', '2015-09-11 05:25:34'),
(39, 'Irwin O''Connell', 'Richard.Abbott@Murray.com', '$2y$10$eJBuBwl/N/Z1zdut3mysm.j/CHlDbmciQc7caWk95IBMlkbdNc8ga', '0BAWF2lqOT', '2015-09-11 05:25:34', '2015-09-11 05:25:34'),
(40, 'Laney Wolff', 'Abshire.Jerad@yahoo.com', '$2y$10$S6goHozgzo5CTZuruktcdeMriGZApQBNpI/FEkT7NUsb6hr6M/Kju', 'F9GztqTrw6', '2015-09-11 05:25:34', '2015-09-11 05:25:34'),
(41, 'Lucie Bernhard', 'Santa.Nolan@gmail.com', '$2y$10$UU4TrXiX3PUdf5YTkDgbX.kpgXZoCWWgyi.sAHyq3A0rOY1EY2FCK', '4cH50rTJTj', '2015-09-11 05:25:34', '2015-09-11 05:25:34'),
(42, 'Mrs. Rae Mertz', 'Tate80@Braun.com', '$2y$10$cMMXm2i44eQhJnkJ21dceuSfeGGBrGj594dbzesNa1qu/lPApUWmC', 'pRDWJJUfGQ', '2015-09-11 05:25:34', '2015-09-11 05:25:34'),
(43, 'Prof. German O''Keefe PhD', 'oCorkery@yahoo.com', '$2y$10$iRgjRjx3ArgMVXOyrGcXd.eY1YosXfipJ/DakRjE64/1eGIsqxbdy', 'SuUSO9EwoO', '2015-09-11 05:25:34', '2015-09-11 05:25:34'),
(44, 'Dante Kris', 'Norwood.Sawayn@Beer.info', '$2y$10$IA4Nw2lhNOxgA1LMRDYUge6lNkzy0nigpSpFt/KG5nNzs1YUwmf6G', 'W5B7EIoaDC', '2015-09-11 05:25:34', '2015-09-11 05:25:34'),
(45, 'Kamille Skiles', 'Daugherty.Penelope@Bechtelar.com', '$2y$10$4VA7pZS3bekpDUKhtxTVT.JHZXSQycyYrKBa3Kl6UK1X/F28BmRsa', 'S9HIDF2KSZ', '2015-09-11 05:25:34', '2015-09-11 05:25:34'),
(46, 'Mrs. Deborah Beer', 'Taya59@yahoo.com', '$2y$10$ex3EsuFGynNEaQPqUPL5P.Da2.3A92L4lZIdn9S.CM6cprbzYSQCy', 'bCNRgNEG5x', '2015-09-11 05:25:34', '2015-09-11 05:25:34'),
(47, 'Whitney Denesik', 'zMcDermott@Rogahn.net', '$2y$10$e99dVoFHHbYPNi0fD6PQieQuIbAGUYI/6rDseXbjYzIgvq3DzFJi6', 'KJGx41moox', '2015-09-11 05:25:34', '2015-09-11 05:25:34'),
(48, 'Heaven Gottlieb', 'Heidenreich.Danika@Keebler.com', '$2y$10$o02HpbN/2MR05aBfxC28e.LtEsJ.eS5JMA1ugZ/Vf.DwOGEYrEb.a', 'Bd1p3e0Xgg', '2015-09-11 05:25:34', '2015-09-11 05:25:34'),
(49, 'Cathrine Rippin', 'Maxie.Green@Ernser.net', '$2y$10$Z1mzFPFDYd0wEDduRWPa4uhZXhf1hwFftHPpshirZA.3Ws3QKxxGO', '9LZg8mPO89', '2015-09-11 05:25:35', '2015-09-11 05:25:35'),
(50, 'Mrs. Karina Durgan I', 'Lilly07@Ankunding.biz', '$2y$10$.Qb1HOZO8wCl5KxNs.4pteMe9V/bdIp.7vNRGsE9BAC8cB6QAIDUq', 'Ue577g2rLc', '2015-09-11 05:25:35', '2015-09-11 05:25:35'),
(51, 'Renee Homenick', 'Willms.Maddison@yahoo.com', '$2y$10$wS.O/aqH0if68uflOaRr6esvxN8TVf4byj2o8ISwJ0eCIjb/fWvu.', 'wtCVdq4Prq', '2015-09-11 05:25:35', '2015-09-11 05:25:35');

/*!40101 SET CHARACTER_SET_CLIENT=@OLD_CHARACTER_SET_CLIENT */;
/*!40101 SET CHARACTER_SET_RESULTS=@OLD_CHARACTER_SET_RESULTS */;
/*!40101 SET COLLATION_CONNECTION=@OLD_COLLATION_CONNECTION */;
